[{
 "categoryString": "EXTENSION",
 "nonVisible": "true",
 "iconName": "https://raw.githubusercontent.com/10MINT/extensions/master/DistanceTools/marker.png",
 "methods": [
  {
   "deprecated": "false",
   "name": "gcDistance",
   "description": "Returns the great circle distance (in km) of two points of on the earth. Input format is decimal degrees",
   "params": [
    {
     "name": "lat1",
     "type": "number"
    },
    {
     "name": "lng1",
     "type": "number"
    },
    {
     "name": "lat2",
     "type": "number"
    },
    {
     "name": "lng2",
     "type": "number"
    }
   ],
   "returnType": "number"
  },
  {
   "deprecated": "false",
   "name": "haversineDistance",
   "description": "Returns the great circle distance (in km) of two points of on the earth with an accuracy of 50 m. Input format is decimal degrees",
   "params": [
    {
     "name": "lat1",
     "type": "number"
    },
    {
     "name": "lng1",
     "type": "number"
    },
    {
     "name": "lat2",
     "type": "number"
    },
    {
     "name": "lng2",
     "type": "number"
    }
   ],
   "returnType": "number"
  },
  {
   "deprecated": "false",
   "name": "pythagorean",
   "description": "Returns the square root of both squared numbers together",
   "params": [
    {
     "name": "a",
     "type": "number"
    },
    {
     "name": "b",
     "type": "number"
    }
   ],
   "returnType": "number"
  },
  {
   "deprecated": "false",
   "name": "vincentyFormula",
   "description": "Returns the great circle distance (in km) of two points of on the earth with an accuracy of 50 m. Input format is decimal degrees",
   "params": [
    {
     "name": "lat1",
     "type": "number"
    },
    {
     "name": "lng1",
     "type": "number"
    },
    {
     "name": "lat2",
     "type": "number"
    },
    {
     "name": "lng2",
     "type": "number"
    }
   ],
   "returnType": "number"
  }
 ],
 "blockProperties": [],
 "helpUrl": "",
 "type": "com.redpanda.distancetools.DistanceTools",
 "version": "3",
 "external": "true",
 "showOnPalette": "true",
 "name": "DistanceTools",
 "helpString": "This is an extension for calculating distances.Currently supported are pythagorean theorem, great circle distance, haversine and vincenty formula.",
 "properties": [],
 "events": []
}]